group,unweighted_n,weighted_rate,unweighted_rate
2,3673,0.2188443989502063,0.20392050095289954
1,3619,0.11238228208905507,0.10748825642442664
0,21485,0.03439594736865782,0.03230160577146847
