group,unweighted_n,weighted_rate,unweighted_rate
1.0,3072,0.10608717373406497,0.08723958333333333
2.0,25704,0.06324921281113235,0.06084656084656084
