group,unweighted_n,weighted_rate,unweighted_rate
2.0,15633,0.0874521317570811,0.08072666794601165
1.0,13139,0.04598757370909226,0.043153969099627064
